"Prev.Length","Match.Score","Tile.Size","Prev.Type","Browse.Time"
60,70,0.2,"AC",17.6922535922573
100,90,0.2,"AC",23.3722510160908
60,70,0.2,"AC",16.1430459572972
100,90,0.2,"AC",22.1549462288611
60,70,0.5,"AC",17.3520331801409
100,90,0.5,"AC",22.112029414181
60,70,0.5,"AC",15.8168077949876
100,90,0.5,"AC",21.6618732795822
60,70,0.2,"TT",12.0326158013037
100,90,0.2,"TT",18.075706810621
60,70,0.2,"TT",11.8885827588121
100,90,0.2,"TT",18.8327986738439
60,70,0.5,"TT",11.8329629659344
100,90,0.5,"TT",19.3055543113881
60,70,0.5,"TT",14.2832239685513
100,90,0.5,"TT",19.219827509687
60,70,0.2,"AC",15.4910528766231
100,90,0.2,"AC",22.5232943618822
60,70,0.2,"AC",17.4694062319381
100,90,0.2,"AC",23.4445814705744
60,70,0.5,"AC",16.1865008648277
100,90,0.5,"AC",22.7485059035502
60,70,0.5,"AC",16.1192950314096
100,90,0.5,"AC",23.2793178068014
60,70,0.2,"TT",9.85562949114506
100,90,0.2,"TT",18.7534882587443
60,70,0.2,"TT",11.4462211564296
100,90,0.2,"TT",19.0079047625348
60,70,0.5,"TT",10.5890092036283
100,90,0.5,"TT",17.7038156837134
60,70,0.5,"TT",12.7159619498351
100,90,0.5,"TT",17.8317023599164
60,70,0.2,"AC",17.9006244931508
100,90,0.2,"AC",22.611413996722
60,70,0.2,"AC",17.4730367648941
100,90,0.2,"AC",21.20408531162
60,70,0.5,"AC",17.4138275988388
100,90,0.5,"AC",23.4042913226989
60,70,0.5,"AC",17.6025771240439
100,90,0.5,"AC",22.2062362930204
60,70,0.2,"TT",10.9305114519942
100,90,0.2,"TT",17.9644952034421
60,70,0.2,"TT",13.2854431693996
100,90,0.2,"TT",17.092255987376
60,70,0.5,"TT",13.1494706419138
100,90,0.5,"TT",17.6322592071855
60,70,0.5,"TT",12.8869344596173
100,90,0.5,"TT",18.2386007329078
60,70,0.2,"AC",18.2036981302256
100,90,0.2,"AC",22.702263132369
60,70,0.2,"AC",16.7505050512707
100,90,0.2,"AC",22.1038883540918
60,70,0.5,"AC",17.1721656224125
100,90,0.5,"AC",22.3555675916867
60,70,0.5,"AC",16.2571397171436
100,90,0.5,"AC",21.1380687666987
60,70,0.2,"TT",12.7268598444854
100,90,0.2,"TT",16.3843385038387
60,70,0.2,"TT",13.2685589589843
100,90,0.2,"TT",17.2138338168746
60,70,0.5,"TT",11.8913088299499
100,90,0.5,"TT",18.0813437659339
60,70,0.5,"TT",10.9669858625937
100,90,0.5,"TT",19.147442467173
60,70,0.2,"AC",16.5429468930367
100,90,0.2,"AC",22.9007299494612
60,70,0.2,"AC",18.4314721628606
100,90,0.2,"AC",24.2126610029652
60,70,0.5,"AC",17.603444806758
100,90,0.5,"AC",22.5438851770213
60,70,0.5,"AC",15.5315721886452
100,90,0.5,"AC",22.9453379005579
60,70,0.2,"TT",12.8150439030557
100,90,0.2,"TT",19.3150676030677
60,70,0.2,"TT",10.2839785224014
100,90,0.2,"TT",19.5744536979579
60,70,0.5,"TT",14.1091496422368
100,90,0.5,"TT",19.9649824506432
60,70,0.5,"TT",11.7771266873073
100,90,0.5,"TT",18.1433203972488
60,70,0.2,"AC",16.4871497043011
100,90,0.2,"AC",23.6595238065052
60,70,0.2,"AC",16.5941878907914
100,90,0.2,"AC",23.0612558372255
60,70,0.5,"AC",17.9786231128993
100,90,0.5,"AC",22.2136093945637
60,70,0.5,"AC",16.898668874454
100,90,0.5,"AC",23.613971520526
60,70,0.2,"TT",12.796673146441
100,90,0.2,"TT",17.2627473622362
60,70,0.2,"TT",12.2375953411536
100,90,0.2,"TT",16.96938572167
60,70,0.5,"TT",9.90431181411204
100,90,0.5,"TT",16.2530754151214
60,70,0.5,"TT",12.8795227924747
100,90,0.5,"TT",18.6247900390531
60,70,0.2,"AC",17.7483512072488
100,90,0.2,"AC",23.7242286991823
60,70,0.2,"AC",17.6533320866779
100,90,0.2,"AC",24.3117578508161
60,70,0.5,"AC",17.2090487434662
100,90,0.5,"AC",23.5187196410031
60,70,0.5,"AC",15.3233900023934
100,90,0.5,"AC",21.5157067811538
60,70,0.2,"TT",11.5934504610498
100,90,0.2,"TT",19.7702174784433
60,70,0.2,"TT",10.2124661844635
100,90,0.2,"TT",19.6647144809629
60,70,0.5,"TT",11.3875656248076
100,90,0.5,"TT",16.8090032776998
60,70,0.5,"TT",12.1209801471308
100,90,0.5,"TT",16.5272269924642
60,70,0.2,"AC",17.8583429609391
100,90,0.2,"AC",23.499044587754
60,70,0.2,"AC",17.7303617432322
100,90,0.2,"AC",22.3935128687782
60,70,0.5,"AC",17.1995536256293
100,90,0.5,"AC",24.6238113597454
60,70,0.5,"AC",15.9939287888347
100,90,0.5,"AC",22.4542076134397
60,70,0.2,"TT",10.3603807962307
100,90,0.2,"TT",17.2939121588443
60,70,0.2,"TT",13.7821586509008
100,90,0.2,"TT",19.0550483511434
60,70,0.5,"TT",11.4533974574286
100,90,0.5,"TT",17.8116983452221
60,70,0.5,"TT",12.020010269532
100,90,0.5,"TT",18.0458219136076
60,70,0.2,"AC",16.6052595391543
100,90,0.2,"AC",24.1336644983361
60,70,0.2,"AC",15.7694943647097
100,90,0.2,"AC",21.318192168848
60,70,0.5,"AC",16.4903862694591
100,90,0.5,"AC",24.52563235807
60,70,0.5,"AC",17.7402762002047
100,90,0.5,"AC",23.0551463918039
60,70,0.2,"TT",11.2651971020764
100,90,0.2,"TT",17.9716742786116
60,70,0.2,"TT",12.246071793572
100,90,0.2,"TT",15.1478855034087
60,70,0.5,"TT",12.1659752343802
100,90,0.5,"TT",18.5032672241292
60,70,0.5,"TT",12.5273888962581
100,90,0.5,"TT",19.3330098234986
60,70,0.2,"AC",16.047354977606
100,90,0.2,"AC",21.2102471771477
60,70,0.2,"AC",18.0571852716011
100,90,0.2,"AC",22.0362651056181
60,70,0.5,"AC",17.3153028469137
100,90,0.5,"AC",23.6569744507445
60,70,0.5,"AC",17.8508183536236
100,90,0.5,"AC",21.5329785896729
60,70,0.2,"TT",11.9385890626037
100,90,0.2,"TT",17.6915074033407
60,70,0.2,"TT",11.5792686847642
100,90,0.2,"TT",18.1960607120808
60,70,0.5,"TT",12.3670555601159
100,90,0.5,"TT",17.15619445626
60,70,0.5,"TT",12.1345968664254
100,90,0.5,"TT",19.2803908992053
60,70,0.2,"AC",17.61805237653
100,90,0.2,"AC",23.339645881856
60,70,0.2,"AC",18.370133193771
100,90,0.2,"AC",22.4088188361049
60,70,0.5,"AC",18.4269109559024
100,90,0.5,"AC",23.1424815037099
60,70,0.5,"AC",17.7706011255404
100,90,0.5,"AC",22.5431280804722
60,70,0.2,"TT",11.5177360813652
100,90,0.2,"TT",18.9182658452638
60,70,0.2,"TT",13.2721686767456
100,90,0.2,"TT",18.7715219149468
60,70,0.5,"TT",11.1581599771029
100,90,0.5,"TT",17.8821205282882
60,70,0.5,"TT",13.561323352631
100,90,0.5,"TT",17.5990367384567
60,70,0.2,"AC",17.3719455987616
100,90,0.2,"AC",23.6882311573804
60,70,0.2,"AC",17.6564598766335
100,90,0.2,"AC",24.1586065462196
60,70,0.5,"AC",16.6549550916023
100,90,0.5,"AC",24.1252274821691
60,70,0.5,"AC",17.8830077184165
100,90,0.5,"AC",22.7404312389019
60,70,0.2,"TT",13.1553577215845
100,90,0.2,"TT",18.2773723614075
60,70,0.2,"TT",10.7147037850669
100,90,0.2,"TT",17.7982704099144
60,70,0.5,"TT",12.3554321748245
100,90,0.5,"TT",17.4678886370391
60,70,0.5,"TT",12.2449209029914
100,90,0.5,"TT",16.464089011746
60,70,0.2,"AC",17.4078256703107
100,90,0.2,"AC",22.0220992851875
60,70,0.2,"AC",17.0087682236483
100,90,0.2,"AC",22.4247901935694
60,70,0.5,"AC",14.9121172266323
100,90,0.5,"AC",23.0031239861817
60,70,0.5,"AC",18.0451868074274
100,90,0.5,"AC",22.390387101783
60,70,0.2,"TT",11.3263967844544
100,90,0.2,"TT",17.303116146937
60,70,0.2,"TT",13.1605360092225
100,90,0.2,"TT",17.8100093496421
60,70,0.5,"TT",11.6634449330664
100,90,0.5,"TT",18.40446327309
60,70,0.5,"TT",12.3685818684651
100,90,0.5,"TT",17.6695111226551
60,70,0.2,"AC",17.7770513998053
100,90,0.2,"AC",23.7305964816948
60,70,0.2,"AC",16.6725801515109
100,90,0.2,"AC",22.5724449861119
60,70,0.5,"AC",19.3223066238239
100,90,0.5,"AC",24.1844330785986
60,70,0.5,"AC",18.5549854462823
100,90,0.5,"AC",22.4048273605324
60,70,0.2,"TT",11.3766348213116
100,90,0.2,"TT",17.5622203198296
60,70,0.2,"TT",10.6700633852395
100,90,0.2,"TT",18.1465019464299
60,70,0.5,"TT",11.5081276719949
100,90,0.5,"TT",18.2262786224813
60,70,0.5,"TT",11.9465990176431
100,90,0.5,"TT",16.355788230306
60,70,0.2,"AC",17.0203315694128
100,90,0.2,"AC",21.5651230605244
60,70,0.2,"AC",16.190236932903
100,90,0.2,"AC",23.5413131569468
60,70,0.5,"AC",17.1860188426259
100,90,0.5,"AC",22.3640874487398
60,70,0.5,"AC",16.0306890324418
100,90,0.5,"AC",24.160791491245
60,70,0.2,"TT",13.1864044179783
100,90,0.2,"TT",18.1395204896647
60,70,0.2,"TT",12.703397850218
100,90,0.2,"TT",18.3153901106091
60,70,0.5,"TT",13.934100313435
100,90,0.5,"TT",18.1179515787804
60,70,0.5,"TT",13.7614546667918
100,90,0.5,"TT",17.1809526038647
60,70,0.2,"AC",17.0607429833947
100,90,0.2,"AC",22.5923622796245
60,70,0.2,"AC",17.12218310293
100,90,0.2,"AC",23.6573924163222
60,70,0.5,"AC",16.9707273581496
100,90,0.5,"AC",24.4521877222616
60,70,0.5,"AC",17.2458744135708
100,90,0.5,"AC",22.4824023765893
60,70,0.2,"TT",12.6979520365061
100,90,0.2,"TT",18.4738209859563
60,70,0.2,"TT",11.2400623706837
100,90,0.2,"TT",17.6109928313547
60,70,0.5,"TT",11.1607002886101
100,90,0.5,"TT",18.6943625467057
60,70,0.5,"TT",13.2450916795159
100,90,0.5,"TT",17.8866813875213
60,70,0.2,"AC",17.3962584686144
100,90,0.2,"AC",23.9404581313847
60,70,0.2,"AC",17.8853875309357
100,90,0.2,"AC",23.8409303324912
60,70,0.5,"AC",17.9078001852758
100,90,0.5,"AC",22.9583483149508
60,70,0.5,"AC",17.4289688868975
100,90,0.5,"AC",23.1121814315559
60,70,0.2,"TT",11.5470188541362
100,90,0.2,"TT",18.142861153079
60,70,0.2,"TT",12.2635104210814
100,90,0.2,"TT",18.3822273926171
60,70,0.5,"TT",12.1906533700424
100,90,0.5,"TT",18.4505179856699
60,70,0.5,"TT",11.8622863084895
100,90,0.5,"TT",17.9842387581994
60,70,0.2,"AC",16.2492906531611
100,90,0.2,"AC",23.535328612207
60,70,0.2,"AC",17.0344322374743
100,90,0.2,"AC",22.6809390059081
60,70,0.5,"AC",16.0321642834287
100,90,0.5,"AC",22.410330927374
60,70,0.5,"AC",17.0976530198968
100,90,0.5,"AC",22.858731497651
60,70,0.2,"TT",12.3336628165822
100,90,0.2,"TT",17.3751513471128
60,70,0.2,"TT",13.1840723607887
100,90,0.2,"TT",18.3259693329426
60,70,0.5,"TT",11.0469766657669
100,90,0.5,"TT",18.9436105230456
60,70,0.5,"TT",12.5380938394497
100,90,0.5,"TT",16.4011318610848
60,70,0.2,"AC",16.2587782572399
100,90,0.2,"AC",24.2612885974894
60,70,0.2,"AC",18.7246727202539
100,90,0.2,"AC",23.16050894687
60,70,0.5,"AC",18.8603446638897
100,90,0.5,"AC",22.1461162829956
60,70,0.5,"AC",18.3031338742161
100,90,0.5,"AC",22.9021126804266
60,70,0.2,"TT",12.1558422632816
100,90,0.2,"TT",16.9401205675265
60,70,0.2,"TT",10.1680999280719
100,90,0.2,"TT",19.0114669355074
60,70,0.5,"TT",12.3402001193363
100,90,0.5,"TT",19.5827033306289
60,70,0.5,"TT",10.9159160008412
100,90,0.5,"TT",19.3350351340608
60,70,0.2,"AC",16.7509167722286
100,90,0.2,"AC",22.2124530474225
60,70,0.2,"AC",16.1676285212637
100,90,0.2,"AC",23.8986519737912
60,70,0.5,"AC",18.481713883244
100,90,0.5,"AC",22.8480388559458
60,70,0.5,"AC",16.1649741527589
100,90,0.5,"AC",22.5933049866013
60,70,0.2,"TT",12.0134801262285
100,90,0.2,"TT",17.0267349638536
60,70,0.2,"TT",11.3543811548235
100,90,0.2,"TT",17.4960982234619
60,70,0.5,"TT",12.4698592687552
100,90,0.5,"TT",19.2900821194512
60,70,0.5,"TT",13.2941544615358
100,90,0.5,"TT",18.3509932766709
60,70,0.2,"AC",14.3584016761726
100,90,0.2,"AC",23.067583629789
60,70,0.2,"AC",17.277406919645
100,90,0.2,"AC",21.4662187855638
60,70,0.5,"AC",18.2564595732063
100,90,0.5,"AC",23.6367858509636
60,70,0.5,"AC",16.7399656469978
100,90,0.5,"AC",22.1819248140452
60,70,0.2,"TT",10.5123411088666
100,90,0.2,"TT",14.9087107685425
60,70,0.2,"TT",11.8311572819307
100,90,0.2,"TT",17.5676788112191
60,70,0.5,"TT",12.4483226985229
100,90,0.5,"TT",18.1102800034484
60,70,0.5,"TT",11.9139404368985
100,90,0.5,"TT",18.8049684965322
60,70,0.2,"AC",15.8571904046585
100,90,0.2,"AC",23.6688341338753
60,70,0.2,"AC",18.7052235546624
100,90,0.2,"AC",22.3551608312046
60,70,0.5,"AC",16.0527458171596
100,90,0.5,"AC",23.5918687772894
60,70,0.5,"AC",18.6568607097533
100,90,0.5,"AC",21.9764595892519
60,70,0.2,"TT",10.3298192736082
100,90,0.2,"TT",18.5622805546987
60,70,0.2,"TT",12.0128382860179
100,90,0.2,"TT",19.2822930305637
60,70,0.5,"TT",10.5817064729262
100,90,0.5,"TT",18.1801666456932
60,70,0.5,"TT",10.5927607333511
100,90,0.5,"TT",17.3164337722019
60,70,0.2,"AC",16.7490477213669
100,90,0.2,"AC",24.6137398555384
60,70,0.2,"AC",17.8394974727312
100,90,0.2,"AC",20.5789842050792
60,70,0.5,"AC",17.4338958591537
100,90,0.5,"AC",22.5945750256772
60,70,0.5,"AC",17.373647863451
100,90,0.5,"AC",24.8563200994096
60,70,0.2,"TT",12.7272589219411
100,90,0.2,"TT",17.1969610864604
60,70,0.2,"TT",11.620369138977
100,90,0.2,"TT",18.6194608027137
60,70,0.5,"TT",11.0185832056986
100,90,0.5,"TT",18.0099931596669
60,70,0.5,"TT",10.270594962842
100,90,0.5,"TT",17.1138422852271
60,70,0.2,"AC",18.0039710613654
100,90,0.2,"AC",22.2582723070641
60,70,0.2,"AC",17.5536268484904
100,90,0.2,"AC",22.7561760331675
60,70,0.5,"AC",15.7005836014401
100,90,0.5,"AC",23.0370390201178
60,70,0.5,"AC",17.6937366456369
100,90,0.5,"AC",22.1257749269468
60,70,0.2,"TT",10.5802265415911
100,90,0.2,"TT",17.4695328398051
60,70,0.2,"TT",11.631479270076
100,90,0.2,"TT",17.2166362762495
60,70,0.5,"TT",10.4306607489661
100,90,0.5,"TT",17.8349911917652
60,70,0.5,"TT",13.6453536846942
100,90,0.5,"TT",19.2890237980701
60,70,0.2,"AC",16.8260075486318
100,90,0.2,"AC",23.5124103292983
60,70,0.2,"AC",15.9984396363434
100,90,0.2,"AC",21.6644918714174
60,70,0.5,"AC",16.0162979330899
100,90,0.5,"AC",23.2183898186533
60,70,0.5,"AC",17.2421305083576
100,90,0.5,"AC",23.3813154900928
60,70,0.2,"TT",12.791743064096
100,90,0.2,"TT",15.9067117473834
60,70,0.2,"TT",13.8913282389433
100,90,0.2,"TT",18.714764155882
60,70,0.5,"TT",12.3003698390916
100,90,0.5,"TT",17.6898239464273
60,70,0.5,"TT",11.9460251058365
100,90,0.5,"TT",18.0293721982975
60,70,0.2,"AC",17.0716181174267
100,90,0.2,"AC",23.5863106096165
60,70,0.2,"AC",17.0347318596626
100,90,0.2,"AC",22.4272252694155
60,70,0.5,"AC",18.91741550985
100,90,0.5,"AC",22.5612854274734
60,70,0.5,"AC",16.1771396479339
100,90,0.5,"AC",21.7987553944923
60,70,0.2,"TT",11.6679839160011
100,90,0.2,"TT",17.2936853353529
60,70,0.2,"TT",12.9488810793747
100,90,0.2,"TT",17.3284645480005
60,70,0.5,"TT",12.3459471810782
100,90,0.5,"TT",18.3912008781226
60,70,0.5,"TT",12.3512005582254
100,90,0.5,"TT",18.4647195755575
60,70,0.2,"AC",16.8507178169024
100,90,0.2,"AC",22.8231847751379
60,70,0.2,"AC",19.1646662244346
100,90,0.2,"AC",21.0476125921312
60,70,0.5,"AC",17.6483205869082
100,90,0.5,"AC",22.4290220638902
60,70,0.5,"AC",16.9623214622725
100,90,0.5,"AC",22.8460549933501
60,70,0.2,"TT",11.9819836911635
100,90,0.2,"TT",17.2352619245799
60,70,0.2,"TT",12.6154813600822
100,90,0.2,"TT",19.093684497842
60,70,0.5,"TT",10.1445145569083
100,90,0.5,"TT",17.2346717582361
60,70,0.5,"TT",10.6290486546756
100,90,0.5,"TT",19.0503899081331
60,70,0.2,"AC",18.1287657685931
100,90,0.2,"AC",22.3175019641203
60,70,0.2,"AC",17.6456616151903
100,90,0.2,"AC",22.5242224677263
60,70,0.5,"AC",16.5175984745078
100,90,0.5,"AC",23.3095308809562
60,70,0.5,"AC",18.5014649520973
100,90,0.5,"AC",23.7755011131645
60,70,0.2,"TT",11.9625208463042
100,90,0.2,"TT",18.9636561111081
60,70,0.2,"TT",10.9058228234384
100,90,0.2,"TT",18.0022425928315
60,70,0.5,"TT",13.0221349105982
100,90,0.5,"TT",17.9861435231185
60,70,0.5,"TT",11.8969246114817
100,90,0.5,"TT",17.9221791144796
60,70,0.2,"AC",16.8111691048833
100,90,0.2,"AC",23.7310984743337
60,70,0.2,"AC",17.3242946733342
100,90,0.2,"AC",22.5895234304787
60,70,0.5,"AC",14.3116176440621
100,90,0.5,"AC",24.5051470171131
60,70,0.5,"AC",17.89002843722
100,90,0.5,"AC",23.262585614102
60,70,0.2,"TT",12.5680804611209
100,90,0.2,"TT",16.6147499290695
60,70,0.2,"TT",12.1403027595326
100,90,0.2,"TT",18.141982519953
60,70,0.5,"TT",12.2335918253408
100,90,0.5,"TT",18.3698449464825
60,70,0.5,"TT",12.8583442596692
100,90,0.5,"TT",17.8231293825587
60,70,0.2,"AC",16.3157207473284
100,90,0.2,"AC",22.4736944608444
60,70,0.2,"AC",16.5736172667509
100,90,0.2,"AC",24.5932609584723
60,70,0.5,"AC",17.6699977477617
100,90,0.5,"AC",24.2149692555851
60,70,0.5,"AC",17.8279248554584
100,90,0.5,"AC",21.568957825562
60,70,0.2,"TT",10.924523336535
100,90,0.2,"TT",16.9324728215965
60,70,0.2,"TT",12.3426402306585
100,90,0.2,"TT",16.7530946196489
60,70,0.5,"TT",10.3968826051344
100,90,0.5,"TT",17.1609017278691
60,70,0.5,"TT",12.3253798196157
100,90,0.5,"TT",19.0106822940648
60,70,0.2,"AC",17.1987845153213
100,90,0.2,"AC",23.4953389286691
60,70,0.2,"AC",16.8726838291815
100,90,0.2,"AC",23.8087530873911
60,70,0.5,"AC",16.1368431752693
100,90,0.5,"AC",23.0951622322082
60,70,0.5,"AC",16.9157273443893
100,90,0.5,"AC",24.3834002886789
60,70,0.2,"TT",12.0915620975177
100,90,0.2,"TT",17.6974513483661
60,70,0.2,"TT",11.5043185045375
100,90,0.2,"TT",17.1713186533757
60,70,0.5,"TT",12.9432141804296
100,90,0.5,"TT",16.5884573102696
60,70,0.5,"TT",11.5528470156075
100,90,0.5,"TT",18.2287551518076
60,70,0.2,"AC",17.1162684524945
100,90,0.2,"AC",21.4233399920479
60,70,0.2,"AC",17.3352523333226
100,90,0.2,"AC",21.1046255509064
60,70,0.5,"AC",17.7962289778216
100,90,0.5,"AC",24.5779423694445
60,70,0.5,"AC",17.0523440404122
100,90,0.5,"AC",21.533833300928
60,70,0.2,"TT",12.4440606622344
100,90,0.2,"TT",17.5000807645096
60,70,0.2,"TT",11.6164198481045
100,90,0.2,"TT",17.1217844032369
60,70,0.5,"TT",12.6961544763571
100,90,0.5,"TT",17.1800151863858
60,70,0.5,"TT",11.9436837453277
100,90,0.5,"TT",18.3079766979266
60,70,0.2,"AC",16.7181787686378
100,90,0.2,"AC",21.8851101336183
60,70,0.2,"AC",17.4823698253929
100,90,0.2,"AC",23.6849981370757
60,70,0.5,"AC",17.3902383643172
100,90,0.5,"AC",23.49385988481
60,70,0.5,"AC",17.5185849612806
100,90,0.5,"AC",21.995533710967
60,70,0.2,"TT",11.9218433260045
100,90,0.2,"TT",18.8642686031422
60,70,0.2,"TT",13.5832425212405
100,90,0.2,"TT",18.0539518429938
60,70,0.5,"TT",12.2749586620579
100,90,0.5,"TT",17.0267526656485
60,70,0.5,"TT",12.0297463942108
100,90,0.5,"TT",16.8425751327648
60,70,0.2,"AC",16.0605919890332
100,90,0.2,"AC",23.6122895758353
60,70,0.2,"AC",18.0636511308137
100,90,0.2,"AC",22.3848658866255
60,70,0.5,"AC",15.9007694873558
100,90,0.5,"AC",23.222892044709
60,70,0.5,"AC",16.9361092710713
100,90,0.5,"AC",23.0021472441922
60,70,0.2,"TT",11.3412825115138
100,90,0.2,"TT",17.0767874768283
60,70,0.2,"TT",12.0108014416918
100,90,0.2,"TT",18.0451611901782
60,70,0.5,"TT",12.5269611925986
100,90,0.5,"TT",19.134934887491
60,70,0.5,"TT",11.3535090674943
100,90,0.5,"TT",19.6065239756097
60,70,0.2,"AC",16.5377428312258
100,90,0.2,"AC",22.5202906583517
60,70,0.2,"AC",15.9064727501664
100,90,0.2,"AC",23.0525945881038
60,70,0.5,"AC",17.3527838114991
100,90,0.5,"AC",22.1037850167692
60,70,0.5,"AC",16.7278438458747
100,90,0.5,"AC",22.7142387855272
60,70,0.2,"TT",11.5696986384359
100,90,0.2,"TT",18.0892970116046
60,70,0.2,"TT",16.2230814212313
100,90,0.2,"TT",18.4378495115996
60,70,0.5,"TT",11.2225951988675
100,90,0.5,"TT",17.4020162387398
60,70,0.5,"TT",11.0753204999182
100,90,0.5,"TT",17.7064718056844
60,70,0.2,"AC",16.6959976604014
100,90,0.2,"AC",24.5468098495174
60,70,0.2,"AC",16.5185092633017
100,90,0.2,"AC",23.3778429128967
60,70,0.5,"AC",17.9211663945336
100,90,0.5,"AC",21.8027179013907
60,70,0.5,"AC",16.3424343454466
100,90,0.5,"AC",22.7214508179495
60,70,0.2,"TT",10.9395490783712
100,90,0.2,"TT",16.9855810729254
60,70,0.2,"TT",11.746824524677
100,90,0.2,"TT",18.5827947172927
60,70,0.5,"TT",12.572579933823
100,90,0.5,"TT",17.6454108362488
60,70,0.5,"TT",11.7563406313379
100,90,0.5,"TT",17.304623114522
60,70,0.2,"AC",14.9487218458429
100,90,0.2,"AC",22.3772283927727
60,70,0.2,"AC",15.4109212276921
100,90,0.2,"AC",22.8886278370241
60,70,0.5,"AC",17.1396907397566
100,90,0.5,"AC",23.3835824842254
60,70,0.5,"AC",16.9556175042802
100,90,0.5,"AC",23.3030479824731
60,70,0.2,"TT",13.1937353245747
100,90,0.2,"TT",17.9752363401512
60,70,0.2,"TT",13.0442786178727
100,90,0.2,"TT",18.0184871030255
60,70,0.5,"TT",10.7979227077522
100,90,0.5,"TT",18.6606447775987
60,70,0.5,"TT",12.7555490798824
100,90,0.5,"TT",17.0987300603755
60,70,0.2,"AC",14.8762050276064
100,90,0.2,"AC",26.3541675945552
60,70,0.2,"AC",19.5845210604995
100,90,0.2,"AC",24.3188532698488
60,70,0.5,"AC",16.4450655345751
100,90,0.5,"AC",22.0041332366516
60,70,0.5,"AC",16.9888296165109
100,90,0.5,"AC",22.9349090910917
60,70,0.2,"TT",12.296467526656
100,90,0.2,"TT",18.1146475039804
60,70,0.2,"TT",12.2422016425997
100,90,0.2,"TT",16.8937979619993
60,70,0.5,"TT",13.3457783449169
100,90,0.5,"TT",18.5468935249794
60,70,0.5,"TT",15.198447609709
100,90,0.5,"TT",16.5526676309909
60,70,0.2,"AC",17.3928192184897
100,90,0.2,"AC",23.0737370051152
60,70,0.2,"AC",16.3445057676197
100,90,0.2,"AC",21.7666647559457
60,70,0.5,"AC",16.5001081035181
100,90,0.5,"AC",23.1251961358124
60,70,0.5,"AC",16.3962226454738
100,90,0.5,"AC",22.7085059790532
60,70,0.2,"TT",10.9677783339504
100,90,0.2,"TT",17.405454138296
60,70,0.2,"TT",12.2423504721645
100,90,0.2,"TT",17.9228777806862
60,70,0.5,"TT",12.862598408794
100,90,0.5,"TT",17.6134331852784
60,70,0.5,"TT",11.1928521115167
100,90,0.5,"TT",18.8903465565948
60,70,0.2,"AC",14.8223119192696
100,90,0.2,"AC",22.150197134549
60,70,0.2,"AC",17.5813029636508
100,90,0.2,"AC",23.469682629702
60,70,0.5,"AC",16.3631434030199
100,90,0.5,"AC",22.8721331770429
60,70,0.5,"AC",16.8915632620286
100,90,0.5,"AC",22.4266329560027
60,70,0.2,"TT",12.2056791282137
100,90,0.2,"TT",17.7092732950705
60,70,0.2,"TT",12.5316205824379
100,90,0.2,"TT",16.7097676867463
60,70,0.5,"TT",12.1352723660643
100,90,0.5,"TT",19.1019979556319
60,70,0.5,"TT",9.78153351262778
100,90,0.5,"TT",16.8453284147166
60,70,0.2,"AC",16.4243080734723
100,90,0.2,"AC",22.5658418181003
60,70,0.2,"AC",18.433709504263
100,90,0.2,"AC",23.4833389298899
60,70,0.5,"AC",16.8794189184186
100,90,0.5,"AC",23.5588007551648
60,70,0.5,"AC",17.8850120575648
100,90,0.5,"AC",23.7890082989867
60,70,0.2,"TT",11.213169236183
100,90,0.2,"TT",20.0062686862909
60,70,0.2,"TT",11.3650075691327
100,90,0.2,"TT",18.4411095502488
60,70,0.5,"TT",12.6899508199227
100,90,0.5,"TT",16.9598924813157
60,70,0.5,"TT",13.2451918406242
100,90,0.5,"TT",18.0351735472156
60,70,0.2,"AC",16.1498368756974
100,90,0.2,"AC",23.8396582056655
60,70,0.2,"AC",18.2298116352401
100,90,0.2,"AC",20.5575337836884
60,70,0.5,"AC",16.845377265669
100,90,0.5,"AC",23.6942281158467
60,70,0.5,"AC",16.8382152330536
100,90,0.5,"AC",24.5510464728379
60,70,0.2,"TT",11.2312492665406
100,90,0.2,"TT",18.4552122676466
60,70,0.2,"TT",12.1487276645876
100,90,0.2,"TT",18.3162118062128
60,70,0.5,"TT",11.3141978608149
100,90,0.5,"TT",18.6818997294336
60,70,0.5,"TT",13.0393895370996
100,90,0.5,"TT",17.9912026492705
60,70,0.2,"AC",16.3245931591541
100,90,0.2,"AC",22.4044892414152
60,70,0.2,"AC",16.7914658759437
100,90,0.2,"AC",24.0254774843531
60,70,0.5,"AC",17.1848934621982
100,90,0.5,"AC",22.3055050502148
60,70,0.5,"AC",14.5020369573151
100,90,0.5,"AC",23.2870526219058
60,70,0.2,"TT",12.6116640484085
100,90,0.2,"TT",17.424594987194
60,70,0.2,"TT",11.3252029751958
100,90,0.2,"TT",17.1666016239274
60,70,0.5,"TT",12.6761714801826
100,90,0.5,"TT",17.4210135072611
60,70,0.5,"TT",11.6860597700188
100,90,0.5,"TT",16.7809708829322
60,70,0.2,"AC",15.4492481031138
100,90,0.2,"AC",22.9169996557324
60,70,0.2,"AC",16.6845541232701
100,90,0.2,"AC",23.1516999510381
60,70,0.5,"AC",16.7622106815102
100,90,0.5,"AC",23.4089173124712
60,70,0.5,"AC",16.7619586986906
100,90,0.5,"AC",21.8937153365497
60,70,0.2,"TT",14.7591499765104
100,90,0.2,"TT",17.2803814900363
60,70,0.2,"TT",13.5283947158436
100,90,0.2,"TT",17.8737255522485
60,70,0.5,"TT",11.2821189023983
100,90,0.5,"TT",17.0365164989397
60,70,0.5,"TT",12.3420997347645
100,90,0.5,"TT",18.3233010031525
60,70,0.2,"AC",14.9464436375438
100,90,0.2,"AC",24.2780139183919
60,70,0.2,"AC",18.1132603634542
100,90,0.2,"AC",24.1284801760219
60,70,0.5,"AC",15.4993224894437
100,90,0.5,"AC",20.7701909883216
60,70,0.5,"AC",16.1294568004856
100,90,0.5,"AC",23.7516863952497
60,70,0.2,"TT",11.2167629138233
100,90,0.2,"TT",17.2439307152673
60,70,0.2,"TT",10.8809151532389
100,90,0.2,"TT",16.6685898401681
60,70,0.5,"TT",9.48657787905842
100,90,0.5,"TT",17.5448365809483
60,70,0.5,"TT",13.4178646911637
100,90,0.5,"TT",19.4678390586184
60,70,0.2,"AC",17.5194171192242
100,90,0.2,"AC",23.1168085223632
60,70,0.2,"AC",16.9700459961445
100,90,0.2,"AC",22.4132287580276
60,70,0.5,"AC",18.1671693122956
100,90,0.5,"AC",21.6467924450326
60,70,0.5,"AC",17.9401664578744
100,90,0.5,"AC",23.4786449623814
60,70,0.2,"TT",13.0390258688258
100,90,0.2,"TT",17.0795044219472
60,70,0.2,"TT",13.5627722205914
100,90,0.2,"TT",18.5612096799464
60,70,0.5,"TT",13.4355824883989
100,90,0.5,"TT",18.4332610736375
60,70,0.5,"TT",11.4306636071061
100,90,0.5,"TT",18.0042051311146
60,70,0.2,"AC",16.2576510216707
100,90,0.2,"AC",22.0168281974419
60,70,0.2,"AC",17.5082121921901
100,90,0.2,"AC",24.4151003353781
60,70,0.5,"AC",17.7352120255173
100,90,0.5,"AC",21.0328375693836
60,70,0.5,"AC",17.6233048064201
100,90,0.5,"AC",22.7736546989127
60,70,0.2,"TT",10.6849172509949
100,90,0.2,"TT",17.9760799146407
60,70,0.2,"TT",11.2932457324319
100,90,0.2,"TT",19.4856228416407
60,70,0.5,"TT",12.4607450128165
100,90,0.5,"TT",16.6827842993309
60,70,0.5,"TT",12.6713599365503
100,90,0.5,"TT",18.5964086981797
60,70,0.2,"AC",16.6934140968568
100,90,0.2,"AC",23.5612216321633
60,70,0.2,"AC",18.9984922368378
100,90,0.2,"AC",20.7223678912133
60,70,0.5,"AC",16.7901332929576
100,90,0.5,"AC",22.9293338464355
60,70,0.5,"AC",16.6659708284445
100,90,0.5,"AC",23.5177827539544
60,70,0.2,"TT",11.4020132677014
100,90,0.2,"TT",16.9632057861926
60,70,0.2,"TT",12.3678324161144
100,90,0.2,"TT",17.9717782277576
60,70,0.5,"TT",12.1089263549914
100,90,0.5,"TT",17.8710180097129
60,70,0.5,"TT",11.7769901280775
100,90,0.5,"TT",18.4028937914375
60,70,0.2,"AC",16.7410888487679
100,90,0.2,"AC",22.3040405991143
60,70,0.2,"AC",15.3208264829513
100,90,0.2,"AC",24.1933595918725
60,70,0.5,"AC",15.8473116096763
100,90,0.5,"AC",24.9300734253167
60,70,0.5,"AC",18.7100000133927
100,90,0.5,"AC",23.3234653008421
60,70,0.2,"TT",12.0093949487752
100,90,0.2,"TT",17.8037060128122
60,70,0.2,"TT",12.3804979446517
100,90,0.2,"TT",17.713469192696
60,70,0.5,"TT",11.306271013265
100,90,0.5,"TT",18.2654324572923
60,70,0.5,"TT",12.0997741239241
100,90,0.5,"TT",16.4135721391836
60,70,0.2,"AC",16.6553325033494
100,90,0.2,"AC",22.1211029842082
60,70,0.2,"AC",16.9265273882857
100,90,0.2,"AC",22.1885783247418
60,70,0.5,"AC",18.3349320456579
100,90,0.5,"AC",23.9175122639375
60,70,0.5,"AC",18.6895071236553
100,90,0.5,"AC",20.7192401335455
60,70,0.2,"TT",10.1841472415598
100,90,0.2,"TT",19.3920066573682
60,70,0.2,"TT",11.3617191508506
100,90,0.2,"TT",17.5090994575098
60,70,0.5,"TT",12.0402318337829
100,90,0.5,"TT",16.9464663137636
60,70,0.5,"TT",11.5336442220911
100,90,0.5,"TT",16.9779149720918
60,70,0.2,"AC",16.6698182308674
100,90,0.2,"AC",23.2299261157484
60,70,0.2,"AC",16.5099653971967
100,90,0.2,"AC",21.5606858621975
60,70,0.5,"AC",18.7998009514305
100,90,0.5,"AC",23.6829549335674
60,70,0.5,"AC",16.3396086183889
100,90,0.5,"AC",22.1191965499259
60,70,0.2,"TT",12.1558099471633
100,90,0.2,"TT",16.4911012212595
60,70,0.2,"TT",11.6466577084423
100,90,0.2,"TT",18.0562205734618
60,70,0.5,"TT",12.373858341697
100,90,0.5,"TT",16.9336956125429
60,70,0.5,"TT",11.9836931271672
100,90,0.5,"TT",18.3162952652
60,70,0.2,"AC",16.329836559157
100,90,0.2,"AC",24.9766937319741
60,70,0.2,"AC",18.3454170574087
100,90,0.2,"AC",22.5824776800098
60,70,0.5,"AC",17.2162107205118
100,90,0.5,"AC",21.7298318198012
60,70,0.5,"AC",15.1328685795594
100,90,0.5,"AC",22.2463592519853
60,70,0.2,"TT",10.3052484014151
100,90,0.2,"TT",16.4028774125462
60,70,0.2,"TT",12.3605157370804
100,90,0.2,"TT",17.6335951161829
60,70,0.5,"TT",11.6808144174461
100,90,0.5,"TT",17.7224129102401
60,70,0.5,"TT",10.7831599466933
100,90,0.5,"TT",16.0780661155731
60,70,0.2,"AC",18.22366384308
100,90,0.2,"AC",24.2061774038407
60,70,0.2,"AC",17.8395419651306
100,90,0.2,"AC",22.6568939426653
60,70,0.5,"AC",16.7661918920251
100,90,0.5,"AC",22.7740437205129
60,70,0.5,"AC",18.2532746437162
100,90,0.5,"AC",23.8052535133645
60,70,0.2,"TT",13.6446364776129
100,90,0.2,"TT",17.1234238026537
60,70,0.2,"TT",10.8380959625606
100,90,0.2,"TT",19.0781692855709
60,70,0.5,"TT",10.6949827891693
100,90,0.5,"TT",18.390093203604
60,70,0.5,"TT",12.9856924538956
100,90,0.5,"TT",17.0026389886303
60,70,0.2,"AC",15.7747893683411
100,90,0.2,"AC",22.7062941235671
60,70,0.2,"AC",17.2319455934853
100,90,0.2,"AC",22.4273435689912
60,70,0.5,"AC",17.3925175225871
100,90,0.5,"AC",22.5612063448866
60,70,0.5,"AC",17.4330537260366
100,90,0.5,"AC",22.7270036838001
60,70,0.2,"TT",13.4206486372415
100,90,0.2,"TT",17.5825044935913
60,70,0.2,"TT",11.7107533380678
100,90,0.2,"TT",17.9901763637428
60,70,0.5,"TT",11.9235844894353
100,90,0.5,"TT",18.8542336389639
60,70,0.5,"TT",11.4385868382222
100,90,0.5,"TT",18.1293666405232
60,70,0.2,"AC",17.3015279346542
100,90,0.2,"AC",21.5119231303476
60,70,0.2,"AC",17.4488435071419
100,90,0.2,"AC",23.2042583232665
60,70,0.5,"AC",17.1089906205756
100,90,0.5,"AC",23.8022139126623
60,70,0.5,"AC",17.1184338333768
100,90,0.5,"AC",22.8512057124822
60,70,0.2,"TT",11.6027853658515
100,90,0.2,"TT",17.410965084902
60,70,0.2,"TT",11.5884944714971
100,90,0.2,"TT",17.8100164670496
60,70,0.5,"TT",12.4263526784781
100,90,0.5,"TT",17.1820029120848
60,70,0.5,"TT",12.0002552576344
100,90,0.5,"TT",18.950516629028
60,70,0.2,"AC",16.8627923198195
100,90,0.2,"AC",23.8296720145329
60,70,0.2,"AC",16.4554121538705
100,90,0.2,"AC",23.1499473754805
60,70,0.5,"AC",16.059207435852
100,90,0.5,"AC",22.1595819648176
60,70,0.5,"AC",17.5720938331143
100,90,0.5,"AC",22.5411055910161
60,70,0.2,"TT",10.7352828238549
100,90,0.2,"TT",17.7876269842501
60,70,0.2,"TT",9.52156304426931
100,90,0.2,"TT",17.0991778519975
60,70,0.5,"TT",11.7209398237065
100,90,0.5,"TT",17.0028037955341
60,70,0.5,"TT",13.1478288140658
100,90,0.5,"TT",16.8202951127493
60,70,0.2,"AC",14.8929387748223
100,90,0.2,"AC",23.6167389499806
60,70,0.2,"AC",17.3820904746804
100,90,0.2,"AC",23.1776797442418
60,70,0.5,"AC",16.3561776020064
100,90,0.5,"AC",21.9986631340826
60,70,0.5,"AC",17.3374317968988
100,90,0.5,"AC",22.6410785801789
60,70,0.2,"TT",9.91200819300256
100,90,0.2,"TT",18.0812500090647
60,70,0.2,"TT",11.3151964326665
100,90,0.2,"TT",17.8049179531754
60,70,0.5,"TT",11.4956772698898
100,90,0.5,"TT",16.5030734826794
60,70,0.5,"TT",11.6796527469347
100,90,0.5,"TT",17.8689628092928
60,70,0.2,"AC",16.9403665903809
100,90,0.2,"AC",20.8825820230678
60,70,0.2,"AC",15.571939192189
100,90,0.2,"AC",23.9152611082233
60,70,0.5,"AC",16.6211311331352
100,90,0.5,"AC",22.1749495190453
60,70,0.5,"AC",16.9882806746991
100,90,0.5,"AC",21.7468633352091
60,70,0.2,"TT",11.6417282316607
100,90,0.2,"TT",19.7785197962738
60,70,0.2,"TT",11.5336777940917
100,90,0.2,"TT",19.7002347105958
60,70,0.5,"TT",12.6277051718468
100,90,0.5,"TT",17.0295151082348
60,70,0.5,"TT",12.549571196837
100,90,0.5,"TT",17.8181066772736
60,70,0.2,"AC",16.5270967976692
100,90,0.2,"AC",23.3098740376506
60,70,0.2,"AC",17.7994590305807
100,90,0.2,"AC",23.1748577509828
60,70,0.5,"AC",17.5932029758358
100,90,0.5,"AC",22.0935749290042
60,70,0.5,"AC",15.5274439858893
100,90,0.5,"AC",21.8387487660924
60,70,0.2,"TT",12.9564233385465
100,90,0.2,"TT",18.125865609658
60,70,0.2,"TT",13.5637177533304
100,90,0.2,"TT",16.7704591447377
60,70,0.5,"TT",12.0221877122586
100,90,0.5,"TT",17.3095805231433
60,70,0.5,"TT",11.0028658263642
100,90,0.5,"TT",17.8288003731693
60,70,0.2,"AC",19.173916420186
100,90,0.2,"AC",22.6925317959254
60,70,0.2,"AC",17.6268693404305
100,90,0.2,"AC",24.6053740063087
60,70,0.5,"AC",15.0921115581579
100,90,0.5,"AC",24.8872546678542
60,70,0.5,"AC",17.1452715297974
100,90,0.5,"AC",21.9053581174184
60,70,0.2,"TT",11.7517532771795
100,90,0.2,"TT",16.6867073266523
60,70,0.2,"TT",10.9772312144434
100,90,0.2,"TT",15.7141787169369
60,70,0.5,"TT",11.8087832606131
100,90,0.5,"TT",17.3933489204321
60,70,0.5,"TT",11.2889898572263
100,90,0.5,"TT",17.3872153218547
60,70,0.2,"AC",16.5066657840408
100,90,0.2,"AC",23.9788765519636
60,70,0.2,"AC",16.1024837536767
100,90,0.2,"AC",22.4719805638476
60,70,0.5,"AC",15.3049136407198
100,90,0.5,"AC",23.5981265955277
60,70,0.5,"AC",18.1259763868786
100,90,0.5,"AC",22.092522128237
60,70,0.2,"TT",12.4629500495882
100,90,0.2,"TT",17.1623619529368
60,70,0.2,"TT",13.2312325410512
100,90,0.2,"TT",18.1189410057701
60,70,0.5,"TT",10.8148608413925
100,90,0.5,"TT",20.332323770412
60,70,0.5,"TT",11.8291775235001
100,90,0.5,"TT",17.9328513835839
60,70,0.2,"AC",16.3777486825051
100,90,0.2,"AC",25.121787688847
60,70,0.2,"AC",18.0700252172348
100,90,0.2,"AC",23.7514932088988
60,70,0.5,"AC",17.1497129159089
100,90,0.5,"AC",23.6613334635854
60,70,0.5,"AC",18.1080336711649
100,90,0.5,"AC",23.8565098368218
60,70,0.2,"TT",11.6013823197818
100,90,0.2,"TT",16.7186715529303
60,70,0.2,"TT",12.6189688265467
100,90,0.2,"TT",18.28210224343
60,70,0.5,"TT",12.4583191744437
100,90,0.5,"TT",19.3585536384382
60,70,0.5,"TT",12.6580198789605
100,90,0.5,"TT",17.7696412422119
60,70,0.2,"AC",18.8504636366904
100,90,0.2,"AC",22.7708212487924
60,70,0.2,"AC",16.9152018244397
100,90,0.2,"AC",24.1528894633609
60,70,0.5,"AC",17.1152539179019
100,90,0.5,"AC",22.9859705031206
60,70,0.5,"AC",17.1236727859509
100,90,0.5,"AC",22.6827109923548
60,70,0.2,"TT",12.2300933641606
100,90,0.2,"TT",18.9971883009516
60,70,0.2,"TT",11.8919428826925
100,90,0.2,"TT",16.5978755673988
60,70,0.5,"TT",11.5403529999231
100,90,0.5,"TT",17.462499657838
60,70,0.5,"TT",13.0461915165699
100,90,0.5,"TT",17.3212301723692
60,70,0.2,"AC",17.360882221915
100,90,0.2,"AC",23.9019256441752
60,70,0.2,"AC",18.4445142602902
100,90,0.2,"AC",22.9123775022515
60,70,0.5,"AC",16.318727369737
100,90,0.5,"AC",23.5796343476226
60,70,0.5,"AC",17.9419393413043
100,90,0.5,"AC",23.624665978989
60,70,0.2,"TT",12.4243195504394
100,90,0.2,"TT",17.2384722065136
60,70,0.2,"TT",11.546541429363
100,90,0.2,"TT",17.1746703450809
60,70,0.5,"TT",12.2039460228467
100,90,0.5,"TT",17.3131518296429
60,70,0.5,"TT",12.1457943842833
100,90,0.5,"TT",18.0431813616512
60,70,0.2,"AC",15.8136304544604
100,90,0.2,"AC",21.0336768992756
60,70,0.2,"AC",17.3228835682668
100,90,0.2,"AC",22.4268709347521
60,70,0.5,"AC",17.6274657494905
100,90,0.5,"AC",24.3377716995551
60,70,0.5,"AC",17.6347110298945
100,90,0.5,"AC",22.42837164523
60,70,0.2,"TT",10.9764535538409
100,90,0.2,"TT",16.3375092992961
60,70,0.2,"TT",11.4513439453371
100,90,0.2,"TT",17.3062255371654
60,70,0.5,"TT",12.4779239080528
100,90,0.5,"TT",18.1937677385801
60,70,0.5,"TT",12.4386115784869
100,90,0.5,"TT",16.4313930784964
60,70,0.2,"AC",18.4704034769543
100,90,0.2,"AC",22.610904935128
60,70,0.2,"AC",17.3268184712863
100,90,0.2,"AC",23.5286101609356
60,70,0.5,"AC",16.6659757658789
100,90,0.5,"AC",24.0416664560271
60,70,0.5,"AC",19.0768041987774
100,90,0.5,"AC",22.7802326551814
60,70,0.2,"TT",11.5901333373886
100,90,0.2,"TT",18.620733165552
60,70,0.2,"TT",11.3552962979112
100,90,0.2,"TT",18.10868466385
60,70,0.5,"TT",11.9098637875398
100,90,0.5,"TT",17.0107213333843
60,70,0.5,"TT",11.3270276193154
100,90,0.5,"TT",18.3196601229846
60,70,0.2,"AC",15.1678312489393
100,90,0.2,"AC",23.2627761912109
60,70,0.2,"AC",16.2249394079169
100,90,0.2,"AC",22.4501977088244
60,70,0.5,"AC",16.1679066389873
100,90,0.5,"AC",21.5671891349184
60,70,0.5,"AC",16.2943476580042
100,90,0.5,"AC",21.6522587146985
60,70,0.2,"TT",10.643097705287
100,90,0.2,"TT",18.0190015771559
60,70,0.2,"TT",11.7019411283722
100,90,0.2,"TT",16.471373243639
60,70,0.5,"TT",10.2603148810226
100,90,0.5,"TT",16.1736674194669
60,70,0.5,"TT",9.73885789992082
100,90,0.5,"TT",18.6639799786762
60,70,0.2,"AC",17.0583409694823
100,90,0.2,"AC",20.8716557868906
60,70,0.2,"AC",16.9554157601745
100,90,0.2,"AC",21.5108112697037
60,70,0.5,"AC",17.5224335259583
100,90,0.5,"AC",22.6103193110563
60,70,0.5,"AC",16.0802433200658
100,90,0.5,"AC",22.05501598189
60,70,0.2,"TT",13.2666094148401
100,90,0.2,"TT",16.3406761348758
60,70,0.2,"TT",10.3380176365113
100,90,0.2,"TT",19.1291351296622
60,70,0.5,"TT",10.5314108655288
100,90,0.5,"TT",17.3661019434545
60,70,0.5,"TT",12.8817812459615
100,90,0.5,"TT",18.973177723761
60,70,0.2,"AC",17.1089860399287
100,90,0.2,"AC",22.0925072277379
60,70,0.2,"AC",16.6293443680942
100,90,0.2,"AC",24.2301355221556
60,70,0.5,"AC",17.3914861029055
100,90,0.5,"AC",22.4178159805752
60,70,0.5,"AC",17.7624194608044
100,90,0.5,"AC",22.9952619735551
60,70,0.2,"TT",13.0411913995468
100,90,0.2,"TT",18.689257861649
60,70,0.2,"TT",11.8040448180545
100,90,0.2,"TT",17.9806860204207
60,70,0.5,"TT",12.6779977299377
100,90,0.5,"TT",15.6713761191272
60,70,0.5,"TT",11.6403208826283
100,90,0.5,"TT",17.1079310336321
60,70,0.2,"AC",16.7446650042288
100,90,0.2,"AC",22.3699611062469
60,70,0.2,"AC",17.9526390002796
100,90,0.2,"AC",22.9845307212732
60,70,0.5,"AC",17.78927633296
100,90,0.5,"AC",23.8717745335635
60,70,0.5,"AC",18.4131868861659
100,90,0.5,"AC",21.4738168120084
60,70,0.2,"TT",12.0791023619832
100,90,0.2,"TT",17.5820774217988
60,70,0.2,"TT",11.7330486984016
100,90,0.2,"TT",17.882188653832
60,70,0.5,"TT",10.208023595089
100,90,0.5,"TT",17.06062348352
60,70,0.5,"TT",11.3082344322452
100,90,0.5,"TT",17.6969339639968
60,70,0.2,"AC",18.5149203268067
100,90,0.2,"AC",21.1817041972831
60,70,0.2,"AC",17.8652769973594
100,90,0.2,"AC",23.5815404051267
60,70,0.5,"AC",17.5213093998196
100,90,0.5,"AC",22.284264098647
60,70,0.5,"AC",16.5208715620296
100,90,0.5,"AC",22.3569171373805
60,70,0.2,"TT",10.9302009274292
100,90,0.2,"TT",17.8481740850384
60,70,0.2,"TT",13.0811150161092
100,90,0.2,"TT",20.1072914891479
60,70,0.5,"TT",12.5738768257037
100,90,0.5,"TT",16.119809183624
60,70,0.5,"TT",11.9983032748974
100,90,0.5,"TT",15.7239452432525
60,70,0.2,"AC",18.4487552166844
100,90,0.2,"AC",24.0309248747578
60,70,0.2,"AC",16.339637586931
100,90,0.2,"AC",22.4898138498135
60,70,0.5,"AC",16.5522804452063
100,90,0.5,"AC",23.6353340267321
60,70,0.5,"AC",15.7254578202332
100,90,0.5,"AC",21.4172001841218
60,70,0.2,"TT",12.0195486432809
100,90,0.2,"TT",16.497498946815
60,70,0.2,"TT",12.1715728271038
100,90,0.2,"TT",17.190619807069
60,70,0.5,"TT",12.4014836422239
100,90,0.5,"TT",17.0443645685135
60,70,0.5,"TT",10.4157720062412
100,90,0.5,"TT",17.9470198352496
60,70,0.2,"AC",14.8650905086521
100,90,0.2,"AC",22.4328174953552
60,70,0.2,"AC",16.0399380353177
100,90,0.2,"AC",22.6345860629515
60,70,0.5,"AC",17.0117158441612
100,90,0.5,"AC",22.559283367847
60,70,0.5,"AC",17.6145339134191
100,90,0.5,"AC",24.0003347448511
60,70,0.2,"TT",11.551730895041
100,90,0.2,"TT",17.1904309919073
60,70,0.2,"TT",12.7844729772997
100,90,0.2,"TT",17.6008655027957
60,70,0.5,"TT",12.2527719573026
100,90,0.5,"TT",19.8529050961386
60,70,0.5,"TT",13.3798411599875
100,90,0.5,"TT",18.2104956911063
60,70,0.2,"AC",17.4596991406743
100,90,0.2,"AC",22.3864556005843
60,70,0.2,"AC",17.795089028788
100,90,0.2,"AC",25.015493299103
60,70,0.5,"AC",15.0293435410775
100,90,0.5,"AC",21.3745712844898
60,70,0.5,"AC",16.4111755212139
100,90,0.5,"AC",24.4813616232266
60,70,0.2,"TT",11.7386260294257
100,90,0.2,"TT",17.8221450345099
60,70,0.2,"TT",11.5193169146447
100,90,0.2,"TT",18.8149671505987
60,70,0.5,"TT",11.07349683526
100,90,0.5,"TT",19.708314135934
60,70,0.5,"TT",11.2057997650786
100,90,0.5,"TT",18.5853748503385
60,70,0.2,"AC",17.851788702881
100,90,0.2,"AC",20.8477232516481
60,70,0.2,"AC",17.561558529729
100,90,0.2,"AC",22.4126506794918
60,70,0.5,"AC",17.5138180454067
100,90,0.5,"AC",23.3112113320899
60,70,0.5,"AC",15.8843039420387
100,90,0.5,"AC",22.462771669629
60,70,0.2,"TT",12.029358017284
100,90,0.2,"TT",17.229010108886
60,70,0.2,"TT",11.9321795004144
100,90,0.2,"TT",18.8558351557438
60,70,0.5,"TT",12.9811143679996
100,90,0.5,"TT",18.534501054114
60,70,0.5,"TT",9.22570513731449
100,90,0.5,"TT",18.0382264485488
60,70,0.2,"AC",16.3308722362117
100,90,0.2,"AC",22.3049668561869
60,70,0.2,"AC",14.9290584767745
100,90,0.2,"AC",24.8008319971258
60,70,0.5,"AC",16.6937905878729
100,90,0.5,"AC",22.2351942720067
60,70,0.5,"AC",16.9762415060753
100,90,0.5,"AC",23.8504729825336
60,70,0.2,"TT",10.6662873613313
100,90,0.2,"TT",18.7046739800903
60,70,0.2,"TT",13.7666510004049
100,90,0.2,"TT",18.8593485130768
60,70,0.5,"TT",11.5043045179609
100,90,0.5,"TT",19.156791027302
60,70,0.5,"TT",10.9356731297612
100,90,0.5,"TT",18.7316881437973
60,70,0.2,"AC",17.9829053929755
100,90,0.2,"AC",22.2768820059016
60,70,0.2,"AC",15.1306338040443
100,90,0.2,"AC",24.0298754446445
60,70,0.5,"AC",17.1644570641428
100,90,0.5,"AC",21.9841147877811
60,70,0.5,"AC",17.1241978721495
100,90,0.5,"AC",23.3639958160965
60,70,0.2,"TT",11.6042538678135
100,90,0.2,"TT",19.0250025174603
60,70,0.2,"TT",12.0867232009224
100,90,0.2,"TT",18.3874495896428
60,70,0.5,"TT",13.8250339524244
100,90,0.5,"TT",18.6413731132685
60,70,0.5,"TT",12.2603009816146
100,90,0.5,"TT",17.784905578171
60,70,0.2,"AC",16.9727502142614
100,90,0.2,"AC",23.9348282326033
60,70,0.2,"AC",16.4587015985839
100,90,0.2,"AC",21.8671077876593
60,70,0.5,"AC",18.115070391825
100,90,0.5,"AC",22.6747777740684
60,70,0.5,"AC",16.616173226341
100,90,0.5,"AC",23.9938908757541
60,70,0.2,"TT",10.7524064647725
100,90,0.2,"TT",16.7301469966717
60,70,0.2,"TT",13.5775526801034
100,90,0.2,"TT",16.6263262145903
60,70,0.5,"TT",12.1763427551861
100,90,0.5,"TT",18.3581329270034
60,70,0.5,"TT",12.1433976821206
100,90,0.5,"TT",17.3415073870543
60,70,0.2,"AC",17.9192141643014
100,90,0.2,"AC",21.3832969265235
60,70,0.2,"AC",16.5747999945378
100,90,0.2,"AC",23.8954402071109
60,70,0.5,"AC",18.1713950414041
100,90,0.5,"AC",23.3299252584824
60,70,0.5,"AC",18.4638094495236
100,90,0.5,"AC",22.6422441307586
60,70,0.2,"TT",13.1911730500731
100,90,0.2,"TT",16.5487242430211
60,70,0.2,"TT",12.4114268891628
100,90,0.2,"TT",17.2213748943762
60,70,0.5,"TT",13.1055187250146
100,90,0.5,"TT",16.5011991839614
60,70,0.5,"TT",12.4012087984296
100,90,0.5,"TT",18.9626398976656
60,70,0.2,"AC",18.1515894692719
100,90,0.2,"AC",22.2613868007581
60,70,0.2,"AC",16.0500577542259
100,90,0.2,"AC",23.0798196338145
60,70,0.5,"AC",15.9342031515135
100,90,0.5,"AC",23.563002997361
60,70,0.5,"AC",16.5055664928648
100,90,0.5,"AC",22.7925512792915
60,70,0.2,"TT",14.1493556984588
100,90,0.2,"TT",18.5644069262001
60,70,0.2,"TT",11.9870895860005
100,90,0.2,"TT",17.6887469442663
60,70,0.5,"TT",11.0480054666852
100,90,0.5,"TT",16.9749611296245
60,70,0.5,"TT",11.3004689101906
100,90,0.5,"TT",20.4097921387339
60,70,0.2,"AC",16.5643942856883
100,90,0.2,"AC",23.6539823447309
60,70,0.2,"AC",16.0253283074951
100,90,0.2,"AC",23.769703830464
60,70,0.5,"AC",17.9212191366539
100,90,0.5,"AC",21.9311649540769
60,70,0.5,"AC",17.0686713035397
100,90,0.5,"AC",22.8108001835072
60,70,0.2,"TT",12.9342767292939
100,90,0.2,"TT",18.1544015167919
60,70,0.2,"TT",9.98095674889312
100,90,0.2,"TT",18.3984467062311
60,70,0.5,"TT",9.19759946469832
100,90,0.5,"TT",17.5415651527583
60,70,0.5,"TT",12.2852266996236
100,90,0.5,"TT",16.9997561840524
60,70,0.2,"AC",16.6805073303858
100,90,0.2,"AC",23.6410608594526
60,70,0.2,"AC",17.8525316332958
100,90,0.2,"AC",21.8914142096964
60,70,0.5,"AC",16.9274241782632
100,90,0.5,"AC",22.1653736947561
60,70,0.5,"AC",18.3546580393387
100,90,0.5,"AC",23.7589888118783
60,70,0.2,"TT",11.5758620782616
100,90,0.2,"TT",18.0951580404351
60,70,0.2,"TT",13.4372366572638
100,90,0.2,"TT",18.290313698066
60,70,0.5,"TT",11.7179216884214
100,90,0.5,"TT",18.5509841312003
60,70,0.5,"TT",12.5315825882503
100,90,0.5,"TT",18.0233730520803
60,70,0.2,"AC",17.9255061200885
100,90,0.2,"AC",21.6463478824159
60,70,0.2,"AC",17.7355307451165
100,90,0.2,"AC",22.5680969487482
60,70,0.5,"AC",18.2187103392814
100,90,0.5,"AC",23.833984566269
60,70,0.5,"AC",18.2903941045616
100,90,0.5,"AC",23.3678717626212
60,70,0.2,"TT",11.2561985844876
100,90,0.2,"TT",16.777667035518
60,70,0.2,"TT",11.9752193261099
100,90,0.2,"TT",20.3201742400521
60,70,0.5,"TT",11.7822346511993
100,90,0.5,"TT",17.6633612482563
60,70,0.5,"TT",11.8306735721809
100,90,0.5,"TT",16.9177736589256
60,70,0.2,"AC",17.0233120645445
100,90,0.2,"AC",23.7176307415845
60,70,0.2,"AC",17.0832999429959
100,90,0.2,"AC",22.4681173866343
60,70,0.5,"AC",16.4993438723911
100,90,0.5,"AC",22.7979775275601
60,70,0.5,"AC",16.6213493651586
100,90,0.5,"AC",22.9212967823401
60,70,0.2,"TT",10.1929566164892
100,90,0.2,"TT",18.8882822976217
60,70,0.2,"TT",12.9666783311058
100,90,0.2,"TT",15.6329754035895
60,70,0.5,"TT",12.6896393449357
100,90,0.5,"TT",17.0952265537821
60,70,0.5,"TT",12.233268072052
100,90,0.5,"TT",18.4824704134139
60,70,0.2,"AC",18.1537567152047
100,90,0.2,"AC",23.258123683433
60,70,0.2,"AC",17.782323610545
100,90,0.2,"AC",22.1388576178883
60,70,0.5,"AC",17.6312470614034
100,90,0.5,"AC",22.8354789454015
60,70,0.5,"AC",17.9520204989149
100,90,0.5,"AC",23.9439661698746
60,70,0.2,"TT",11.2557421221074
100,90,0.2,"TT",17.8215462827318
60,70,0.2,"TT",10.9948190270521
100,90,0.2,"TT",18.9202769639473
60,70,0.5,"TT",11.5176470319089
100,90,0.5,"TT",18.0068794311314
60,70,0.5,"TT",12.322736728732
100,90,0.5,"TT",16.2370893528889
60,70,0.2,"AC",15.196610802371
100,90,0.2,"AC",23.9304472275433
60,70,0.2,"AC",17.8899287474764
100,90,0.2,"AC",24.6711009402468
60,70,0.5,"AC",15.5106913424344
100,90,0.5,"AC",23.0678266988805
60,70,0.5,"AC",16.4228675859776
100,90,0.5,"AC",23.234882177656
60,70,0.2,"TT",12.2819169969178
100,90,0.2,"TT",17.7033367586636
60,70,0.2,"TT",12.5453899016382
100,90,0.2,"TT",19.0018006289598
60,70,0.5,"TT",13.1805501383702
100,90,0.5,"TT",17.8308423725834
60,70,0.5,"TT",11.1337068059011
100,90,0.5,"TT",19.2323778792921
60,70,0.2,"AC",16.0585352181698
100,90,0.2,"AC",22.2437199650711
60,70,0.2,"AC",15.898664680959
100,90,0.2,"AC",24.224010438023
60,70,0.5,"AC",17.0117763018316
100,90,0.5,"AC",21.7126255852136
60,70,0.5,"AC",15.8132390302804
100,90,0.5,"AC",21.2854978120649
60,70,0.2,"TT",14.1501097667895
100,90,0.2,"TT",17.6093475441439
60,70,0.2,"TT",13.0349803732831
100,90,0.2,"TT",18.6300812653717
60,70,0.5,"TT",11.1872738434402
100,90,0.5,"TT",16.9259721632145
60,70,0.5,"TT",11.4877824626808
100,90,0.5,"TT",18.1394627420526
60,70,0.2,"AC",16.8348406267598
100,90,0.2,"AC",22.5210445593141
60,70,0.2,"AC",15.8776254979646
100,90,0.2,"AC",23.7228001176249
60,70,0.5,"AC",15.7210789928591
100,90,0.5,"AC",23.7323598983406
60,70,0.5,"AC",16.4468694440734
100,90,0.5,"AC",23.3831033647077
60,70,0.2,"TT",10.9345450355734
100,90,0.2,"TT",19.3129604308214
60,70,0.2,"TT",12.1161248753831
100,90,0.2,"TT",18.1987546281077
60,70,0.5,"TT",10.0077641170169
100,90,0.5,"TT",17.3101904185062
60,70,0.5,"TT",12.404335790152
100,90,0.5,"TT",17.4290256821318
60,70,0.2,"AC",18.264818680403
100,90,0.2,"AC",24.3104878077701
60,70,0.2,"AC",14.9285168480426
100,90,0.2,"AC",22.3150045688124
60,70,0.5,"AC",16.7559727687358
100,90,0.5,"AC",23.1880045531667
60,70,0.5,"AC",19.0201290907658
100,90,0.5,"AC",25.0487577298582
60,70,0.2,"TT",13.0438167871258
100,90,0.2,"TT",18.7936728671848
60,70,0.2,"TT",11.9735758844228
100,90,0.2,"TT",17.3776685571765
60,70,0.5,"TT",12.0119818221476
100,90,0.5,"TT",18.5736525515068
60,70,0.5,"TT",12.0346864358903
100,90,0.5,"TT",17.2109210991237
60,70,0.2,"AC",16.3194670431486
100,90,0.2,"AC",22.7780959894971
60,70,0.2,"AC",16.8737986164727
100,90,0.2,"AC",22.8789509821102
60,70,0.5,"AC",16.1623678005021
100,90,0.5,"AC",21.2303702707621
60,70,0.5,"AC",16.462891553162
100,90,0.5,"AC",22.3361104761852
60,70,0.2,"TT",11.2971516343983
100,90,0.2,"TT",18.0373747218235
60,70,0.2,"TT",12.4691786813696
100,90,0.2,"TT",19.0268092229826
60,70,0.5,"TT",11.4202112924825
100,90,0.5,"TT",17.6945977920132
60,70,0.5,"TT",12.4246849203885
100,90,0.5,"TT",16.8223566267038
60,70,0.2,"AC",16.1322827482408
100,90,0.2,"AC",22.4082263569968
60,70,0.2,"AC",18.2630760654018
100,90,0.2,"AC",21.6037077126509
60,70,0.5,"AC",14.2634248540371
100,90,0.5,"AC",23.4572257091215
60,70,0.5,"AC",16.9997636562881
100,90,0.5,"AC",24.3152649501619
60,70,0.2,"TT",11.6153440400574
100,90,0.2,"TT",19.1767758059321
60,70,0.2,"TT",12.5602101182082
100,90,0.2,"TT",17.8014996445653
60,70,0.5,"TT",11.6828420225796
100,90,0.5,"TT",15.9070522861185
60,70,0.5,"TT",12.8282960931926
100,90,0.5,"TT",17.3329674319464
60,70,0.2,"AC",16.3022390989589
100,90,0.2,"AC",21.7508285315336
60,70,0.2,"AC",17.1005983444528
100,90,0.2,"AC",23.4368074207568
60,70,0.5,"AC",17.2888590222395
100,90,0.5,"AC",22.6888170920838
60,70,0.5,"AC",18.8522651737954
100,90,0.5,"AC",22.6608756467743
60,70,0.2,"TT",12.0823862660234
100,90,0.2,"TT",15.9688593969629
60,70,0.2,"TT",11.5266870085244
100,90,0.2,"TT",17.7756440851357
60,70,0.5,"TT",11.7078219373715
100,90,0.5,"TT",18.557215390737
60,70,0.5,"TT",12.0547114012381
100,90,0.5,"TT",17.8480361657216
60,70,0.2,"AC",16.8048374615816
100,90,0.2,"AC",22.8207560835239
60,70,0.2,"AC",18.3029301037987
100,90,0.2,"AC",23.2202639635343
60,70,0.5,"AC",17.257797267946
100,90,0.5,"AC",21.0053313274586
60,70,0.5,"AC",16.5763681360577
100,90,0.5,"AC",22.9131792849926
60,70,0.2,"TT",12.4501499684653
100,90,0.2,"TT",18.8408275954126
60,70,0.2,"TT",11.8087142185537
100,90,0.2,"TT",15.7521207986286
60,70,0.5,"TT",11.2382911502964
100,90,0.5,"TT",17.5137675481744
60,70,0.5,"TT",11.1855622503926
100,90,0.5,"TT",17.0623852000552
60,70,0.2,"AC",17.7028543553407
100,90,0.2,"AC",23.3998702651606
60,70,0.2,"AC",17.0569471983529
100,90,0.2,"AC",22.6630461462003
60,70,0.5,"AC",16.5659372586135
100,90,0.5,"AC",20.5205327404754
60,70,0.5,"AC",16.501334439638
100,90,0.5,"AC",23.3252933868662
60,70,0.2,"TT",13.2199844280455
100,90,0.2,"TT",18.3756102888572
60,70,0.2,"TT",10.9997246126852
100,90,0.2,"TT",17.9691751146328
60,70,0.5,"TT",11.7850911115002
100,90,0.5,"TT",17.717115643052
60,70,0.5,"TT",11.6147223974411
100,90,0.5,"TT",18.3962028759781
60,70,0.2,"AC",17.9212702832462
100,90,0.2,"AC",22.5556245355644
60,70,0.2,"AC",16.5658954944443
100,90,0.2,"AC",22.5625986451782
60,70,0.5,"AC",16.5329872938421
100,90,0.5,"AC",23.2425462387927
60,70,0.5,"AC",17.4632086867443
100,90,0.5,"AC",23.8827445369538
60,70,0.2,"TT",12.0042473625735
100,90,0.2,"TT",18.6389775535305
60,70,0.2,"TT",11.8269586051175
100,90,0.2,"TT",18.2394668989968
60,70,0.5,"TT",12.1501886676904
100,90,0.5,"TT",18.0998079390352
60,70,0.5,"TT",12.1056357465693
100,90,0.5,"TT",19.0325304208301
60,70,0.2,"AC",16.9610594941985
100,90,0.2,"AC",23.0912537774598
60,70,0.2,"AC",17.0738898691886
100,90,0.2,"AC",22.4323771768115
60,70,0.5,"AC",18.9809219448572
100,90,0.5,"AC",24.1604614640793
60,70,0.5,"AC",17.9716126638475
100,90,0.5,"AC",21.4911330466285
60,70,0.2,"TT",12.9240476450079
100,90,0.2,"TT",17.7391830306846
60,70,0.2,"TT",13.3049943866358
100,90,0.2,"TT",16.3087772752872
60,70,0.5,"TT",12.5543273373728
100,90,0.5,"TT",16.8601193732743
60,70,0.5,"TT",12.6180396184035
100,90,0.5,"TT",17.625572106608
60,70,0.2,"AC",16.6702800131518
100,90,0.2,"AC",24.44137122052
60,70,0.2,"AC",16.3749747761893
100,90,0.2,"AC",24.0326126687866
60,70,0.5,"AC",17.9541907826428
100,90,0.5,"AC",21.6322663324505
60,70,0.5,"AC",18.7274059072344
100,90,0.5,"AC",22.6822325362202
60,70,0.2,"TT",12.0242434217251
100,90,0.2,"TT",17.5584809694921
60,70,0.2,"TT",10.762948106886
100,90,0.2,"TT",17.9139749668682
60,70,0.5,"TT",12.2494104283048
100,90,0.5,"TT",17.3833933315669
60,70,0.5,"TT",13.9073275281312
100,90,0.5,"TT",18.2780997689943
60,70,0.2,"AC",16.4815796701224
100,90,0.2,"AC",21.5326897702281
60,70,0.2,"AC",16.6804162026815
100,90,0.2,"AC",23.0535451372006
60,70,0.5,"AC",17.2782547849307
100,90,0.5,"AC",23.2631511823835
60,70,0.5,"AC",17.4524429394878
100,90,0.5,"AC",21.6389472490803
60,70,0.2,"TT",14.0854333859944
100,90,0.2,"TT",17.7746333667693
60,70,0.2,"TT",13.276936781039
100,90,0.2,"TT",17.9851229064122
60,70,0.5,"TT",13.4481201893918
100,90,0.5,"TT",17.0279364608375
60,70,0.5,"TT",11.3004988773687
100,90,0.5,"TT",17.7314726036118
60,70,0.2,"AC",16.5155246181666
100,90,0.2,"AC",23.2906586136735
60,70,0.2,"AC",18.37499010895
100,90,0.2,"AC",21.1866530836162
60,70,0.5,"AC",18.3198087222725
100,90,0.5,"AC",21.3893289446191
60,70,0.5,"AC",14.8470171813061
100,90,0.5,"AC",23.6143881760451
60,70,0.2,"TT",11.5763967193877
100,90,0.2,"TT",17.7046334845777
60,70,0.2,"TT",11.755732458337
100,90,0.2,"TT",18.6642100074033
60,70,0.5,"TT",13.3983401946212
100,90,0.5,"TT",17.8126906836442
60,70,0.5,"TT",13.2207363273842
100,90,0.5,"TT",17.6333068938074
60,70,0.2,"AC",16.094604564289
100,90,0.2,"AC",25.0133764814899
60,70,0.2,"AC",18.0012538364112
100,90,0.2,"AC",23.1835542713465
60,70,0.5,"AC",16.7143457449414
100,90,0.5,"AC",22.7956191807065
60,70,0.5,"AC",18.6407650354028
100,90,0.5,"AC",22.984792830179
60,70,0.2,"TT",13.1905056207351
100,90,0.2,"TT",16.1637013979116
60,70,0.2,"TT",12.4442849865494
100,90,0.2,"TT",16.0923229962865
60,70,0.5,"TT",13.3051365953939
100,90,0.5,"TT",18.6307725034524
60,70,0.5,"TT",11.7248445407701
100,90,0.5,"TT",17.475098783867
